25095.20,5857.20,4175.20,26403.20,9889.20,4759.20,25595.20,12461.20,3087.20,22655.20,14481.20,139.20,16083.20,15397.20,-2012.80,5779.20,15517.20,-2596.80,-5564.80,13645.20,-592.80,-14864.80,10337.20,51.20,-20432.80,6941.20,-980.80,-24056.80,5681.20,-2260.80,-27060.80,4137.20,-2660.80,-28748.80,3457.20,-2776.80,-27424.80,1757.20,1459.20,-22668.80,4189.20,2711.20,-18924.80,5609.20,3555.20,-17656.80,5161.20,3063.20,-16936.80,4137.20,2211.20,-16260.80,1565.20,779.20,-14236.80,257.20,-1400.80,-12056.80,-598.80,-2688.80,-10340.80,-1018.80,-2800.80,-9328.80,-1482.80,-2172.80,-9364.80,-2130.80,-1284.80,-8748.80,-2362.80,-724.80,-7356.80,-2154.80,-152.80,-5140.80,-1426.80,-124.80,-3352.80,-870.80,-124.80,-2152.80,-954.80,-152.80,-1584.80,-1046.80,-224.80,-1040.80,-1302.80,-356.80
27895.20,1613.20,2619.20,32178.20,4281.20,1847.20,32178.20,8365.20,-1156.80,32178.20,12345.20,-4908.80,28303.20,15117.20,-6432.80,15443.20,16829.20,-5296.80,599.20,17209.20,-1296.80,-16364.80,15289.20,3775.20,-31836.80,9401.20,6955.20,-33356.80,3369.20,8175.20,-33356.80,361.20,5527.20,-31964.80,393.20,2059.20,-25772.80,1029.20,1443.20,-21416.80,1805.20,-396.80,-17520.80,3593.20,-608.80,-15340.80,2785.20,-804.80,-12980.80,1737.20,-1416.80,-9332.80,1065.20,-2420.80,-6516.80,1505.20,-3256.80,-6076.80,1025.20,-2800.80,-6072.80,-470.80,-1516.80,-6016.80,-626.80,-772.80,-5520.80,-1082.80,-744.80,-4932.80,-1558.80,-804.80,-4064.80,-790.80,-880.80,-3524.80,5.20,-492.80,-3764.80,-286.80,-228.80,-4228.80,-1114.80,-392.80,-4144.80,-1910.80,-776.80,-3492.80,-1830.80,-1308.80
25043.20,4185.20,3987.20,27255.20,5749.20,1007.20,27363.20,7073.20,-2708.80,23827.20,8085.20,-5708.80,16971.20,9073.20,-5916.80,7639.20,10461.20,-3416.80,-3988.80,8201.20,407.20,-15012.80,3505.20,3547.20,-20284.80,-526.80,3403.20,-19236.80,249.20,1359.20,-20976.80,1693.20,1067.20,-23220.80,25.20,2843.20,-22860.80,-1022.80,3359.20,-21148.80,-298.80,3795.20,-17948.80,1613.20,1695.20,-15928.80,1069.20,579.20,-14320.80,-354.80,-928.80,-11968.80,-930.80,-2132.80,-10236.80,-1658.80,-2904.80,-7756.80,-1674.80,-3568.80,-5188.80,-1170.80,-3836.80,-3288.80,-554.80,-2932.80,-3292.80,-82.80,-1292.80,-4120.80,229.20,-160.80,-4440.80,-834.80,1115.20,-4228.80,-1310.80,1531.20,-3224.80,-1154.80,1047.20,-2692.80,-522.80,603.20,-1848.80,-442.80,-92.80,-1212.80,-930.80,-180.80
27531.20,5265.20,-132.80,28759.20,6793.20,-2916.80,25771.20,7861.20,-4324.80,17603.20,8409.20,-3100.80,7403.20,7913.20,-568.80,-4584.80,6065.20,3091.20,-14492.80,2021.20,4319.20,-19068.80,793.20,3887.20,-19828.80,1805.20,3259.20,-20344.80,2081.20,1207.20,-20212.80,1305.20,519.20,-18860.80,2065.20,83.20,-15604.80,3189.20,-768.80,-12748.80,5437.20,-1540.80,-15120.80,4357.20,-812.80,-17640.80,441.20,-1172.80,-17968.80,-2434.80,-2528.80,-14964.80,-2902.80,-3764.80,-11712.80,-1350.80,-3936.80,-9408.80,-558.80,-2748.80,-8776.80,-74.80,-1224.80,-8836.80,-78.80,219.20,-8304.80,317.20,1099.20,-7268.80,301.20,1207.20,-6228.80,125.20,1335.20,-5284.80,-698.80,871.20,-3948.80,-874.80,43.20,-2936.80,-994.80,-224.80,-2060.80,-862.80,-272.80,-1492.80,-370.80,79.20
-19980.80,8977.20,4483.20,-20592.80,10161.20,6231.20,-21360.80,7189.20,8223.20,-21328.80,5441.20,8127.20,-20420.80,4281.20,5935.20,-19192.80,3617.20,4195.20,-16764.80,2261.20,1687.20,-13684.80,1109.20,-1060.80,-11576.80,537.20,-1956.80,-10600.80,317.20,-2444.80,-9816.80,-1050.80,-2680.80,-9116.80,-1646.80,-2656.80,-8468.80,-1586.80,-2348.80,-7620.80,-1390.80,-1852.80,-6464.80,-1786.80,-1320.80,-5860.80,-1522.80,-500.80,-4680.80,-1514.80,-288.80,-3300.80,-1106.80,-152.80,-2316.80,57.20,107.20,-1364.80,761.20,295.20,-1044.80,829.20,723.20,-968.80,1105.20,891.20,-1100.80,1305.20,851.20,-1304.80,1201.20,411.20,-1628.80,941.20,187.20,-1964.80,605.20,127.20,-2412.80,501.20,43.20,-2692.80,365.20,-80.80,-2592.80,109.20,-472.80,-2180.80,25.20,-812.80
25023.20,2013.20,5975.20,28227.20,4541.20,4423.20,29887.20,7761.20,587.20,28683.20,10109.20,-3780.80,23743.20,11401.20,-5884.80,17671.20,11705.20,-5580.80,9127.20,13069.20,-3844.80,-1208.80,13617.20,-1568.80,-11340.80,11297.20,1547.20,-19780.80,6705.20,3379.20,-25692.80,4149.20,3767.20,-26792.80,3833.20,2459.20,-24636.80,4389.20,2951.20,-21696.80,4805.20,4211.20,-19300.80,4949.20,5003.20,-17372.80,3465.20,4715.20,-16160.80,2369.20,2619.20,-12824.80,633.20,331.20,-10000.80,-82.80,-1724.80,-6340.80,-1242.80,-2832.80,-3412.80,-1586.80,-2836.80,-2360.80,-694.80,-1820.80,-2320.80,-218.80,-184.80,-2324.80,-734.80,1055.20,-1936.80,-938.80,1459.20,-964.80,-722.80,719.20,-476.80,-882.80,-364.80,-320.80,-1682.80,-716.80,-808.80,-2294.80,-684.80,-968.80,-1934.80,-432.80
26671.20,2225.20,-3280.80,29547.20,6357.20,-5272.80,26875.20,12193.20,-5516.80,17851.20,16377.20,-3520.80,2507.20,17445.20,1039.20,-15144.80,13497.20,6291.20,-27992.80,6949.20,7979.20,-31840.80,965.20,5315.20,-28284.80,613.20,1123.20,-25672.80,3361.20,-1168.80,-24124.80,3793.20,1303.20,-21176.80,4185.20,5267.20,-19560.80,3341.20,7191.20,-17508.80,3089.20,6035.20,-14880.80,2553.20,3319.20,-12072.80,1693.20,1015.20,-10332.80,465.20,635.20,-9180.80,-678.80,323.20,-7404.80,-954.80,207.20,-5296.80,-502.80,299.20,-3372.80,-2.80,295.20,-1628.80,733.20,-144.80,83.20,833.20,-452.80,1239.20,893.20,-852.80,1679.20,617.20,-728.80,1859.20,149.20,-500.80,1911.20,-26.80,-228.80,1991.20,313.20,-376.80,2263.20,185.20,-124.80,2187.20,81.20,115.20
25339.20,5073.20,43.20,25031.20,7153.20,-896.80,20971.20,9497.20,-8.80,16363.20,13061.20,1663.20,11427.20,17557.20,2135.20,3099.20,17117.20,2459.20,-7780.80,11561.20,763.20,-18144.80,3665.20,-1648.80,-26184.80,-1054.80,-3736.80,-28728.80,-1778.80,-4024.80,-24804.80,-1754.80,-1708.80,-21248.80,673.20,3255.20,-19660.80,2573.20,4579.20,-18004.80,1801.20,4543.20,-16712.80,585.20,2619.20,-15188.80,-306.80,-136.80,-12444.80,-1402.80,-1908.80,-10720.80,-1978.80,-3080.80,-9300.80,-2518.80,-2784.80,-8508.80,-2470.80,-1416.80,-8424.80,-2298.80,-240.80,-8748.80,-2246.80,751.20,-7708.80,-1234.80,963.20,-5720.80,-1138.80,407.20,-4200.80,-1182.80,-608.80,-3016.80,-1530.80,-1132.80,-2332.80,-1422.80,-1192.80,-1908.80,-1382.80,-796.80,-1308.80,-1142.80,223.20,-968.80,-462.80,1063.20
24859.20,4721.20,-6168.80,24975.20,10205.20,-6608.80,21095.20,12709.20,-4748.80,11727.20,12497.20,-2264.80,-2384.80,10321.20,291.20,-13200.80,6185.20,711.20,-21076.80,6325.20,2407.20,-23860.80,6105.20,4323.20,-22740.80,4625.20,3915.20,-21948.80,2989.20,5067.20,-21944.80,3497.20,4159.20,-21092.80,-858.80,2735.20,-18676.80,-2890.80,775.20,-15120.80,-2986.80,-316.80,-12524.80,-1786.80,-440.80,-11340.80,-1270.80,-12.80,-10596.80,-1690.80,267.20,-8732.80,-2306.80,-648.80,-6020.80,-3690.80,-2124.80,-4072.80,-3502.80,-2728.80,-3572.80,-1906.80,-2196.80,-2920.80,-1586.80,-1328.80,-2256.80,-2402.80,-856.80,-1696.80,-2614.80,-800.80,-1728.80,-1778.80,-584.80,-1864.80,-1870.80,19.20,-1624.80,-2290.80,775.20,-1020.80,-1730.80,619.20,-744.80,-1338.80,99.20,-740.80,-1390.80,15.20
26303.20,2061.20,6299.20,32178.20,6269.20,6027.20,32178.20,12813.20,4875.20,32178.20,17381.20,4571.20,25643.20,18173.20,4123.20,9707.20,16421.20,4795.20,-4296.80,13289.20,5951.20,-17476.80,10901.20,5767.20,-27652.80,6573.20,4023.20,-31648.80,1989.20,915.20,-29872.80,-1138.80,-2536.80,-25852.80,-1858.80,-4120.80,-22496.80,-674.80,-3964.80,-20240.80,849.20,-2644.80,-16984.80,989.20,-1224.80,-13060.80,2201.20,-2368.80,-10436.80,1725.20,-1936.80,-9752.80,1181.20,-1528.80,-9956.80,601.20,-1272.80,-11176.80,881.20,-968.80,-12244.80,-262.80,-120.80,-11756.80,-1846.80,307.20,-9424.80,-3010.80,43.20,-8048.80,-2294.80,-712.80,-7164.80,-1730.80,-1032.80,-6200.80,-2214.80,-736.80,-5076.80,-2486.80,-980.80,-3472.80,-2274.80,-1088.80,-2208.80,-1762.80,-1168.80,-1168.80,-1646.80,-924.80
28991.20,445.20,4643.20,32178.20,4165.20,571.20,32178.20,12693.20,-1384.80,30223.20,18433.20,1575.20,15267.20,16745.20,4879.20,-2028.80,12917.20,4927.20,-16756.80,8765.20,1847.20,-25404.80,4397.20,-620.80,-28964.80,1985.20,-2488.80,-30652.80,-102.80,-2956.80,-30700.80,-1698.80,-812.80,-28332.80,-1670.80,1391.20,-24536.80,201.20,-164.80,-19680.80,1385.20,547.20,-16728.80,997.20,699.20,-14600.80,-154.80,647.20,-12812.80,-750.80,55.20,-10480.80,-1298.80,-460.80,-9204.80,-1478.80,-948.80,-8856.80,-2458.80,-800.80,-8316.80,-2998.80,-808.80,-7056.80,-2890.80,-344.80,-4572.80,-1802.80,-136.80,-3036.80,-1646.80,27.20,-2212.80,-966.80,-80.80,-2068.80,-878.80,31.20,-1716.80,-1682.80,-100.80,-1088.80,-1694.80,-68.80,-240.80,-782.80,-12.80,571.20,85.20,307.20
22775.20,2009.20,7323.20,28391.20,2913.20,9063.20,32178.20,5245.20,7495.20,32178.20,9573.20,4743.20,32178.20,14129.20,2699.20,24215.20,16361.20,2759.20,9927.20,17313.20,3383.20,-6480.80,18325.20,5115.20,-23776.80,14473.20,7303.20,-33356.80,7129.20,6779.20,-33356.80,1361.20,3815.20,-32688.80,-1390.80,-480.80,-27260.80,-838.80,-3652.80,-23592.80,-222.80,-3964.80,-20152.80,397.20,-2644.80,-16984.80,2985.20,-2136.80,-14184.80,3745.20,-1112.80,-12220.80,3205.20,-908.80,-10656.80,2089.20,-1212.80,-9524.80,1969.20,-1356.80,-9596.80,1945.20,-1008.80,-9860.80,633.20,-140.80,-9556.80,-930.80,119.20,-8992.80,-2498.80,39.20,-7580.80,-2686.80,-348.80,-5784.80,-3210.80,-664.80,-4468.80,-2862.80,-640.80,-3616.80,-2410.80,-392.80,-2424.80,-2494.80,-48.80,-1424.80,-2054.80,559.20
26751.20,-714.80,-6008.80,32178.20,893.20,-9344.80,32178.20,5997.20,-10248.80,32178.20,11501.20,-7868.80,32178.20,14741.20,-1936.80,15123.20,14921.20,2447.20,-560.80,14809.20,1527.20,-15272.80,17789.20,1719.20,-30840.80,15781.20,3419.20,-33356.80,8097.20,5767.20,-33356.80,2537.20,8499.20,-33356.80,889.20,9687.20,-28644.80,2145.20,5655.20,-20596.80,481.20,4159.20,-14756.80,-318.80,1099.20,-10168.80,285.20,-1584.80,-8320.80,1425.20,-2340.80,-7408.80,1489.20,-1996.80,-7252.80,365.20,-1260.80,-7236.80,-66.80,-500.80,-7756.80,-778.80,-404.80,-7704.80,-2190.80,-336.80,-7476.80,-2958.80,-952.80,-6036.80,-3066.80,-1324.80,-4452.80,-2414.80,-1664.80,-2684.80,-2006.80,-1472.80,-1784.80,-1426.80,-776.80,-1256.80,-1082.80,-148.80,-1004.80,-1014.80,51.20,-1100.80,-1746.80,-180.80
28559.20,-1294.80,-1008.80,32178.20,4637.20,-2612.80,32178.20,11965.20,-3060.80,28099.20,15353.20,-2540.80,12763.20,13973.20,-1240.80,-2700.80,10461.20,-920.80,-14992.80,9445.20,-2572.80,-24684.80,10049.20,-2560.80,-28320.80,7825.20,1295.20,-28060.80,7813.20,7095.20,-27228.80,7713.20,11043.20,-25752.80,6417.20,8691.20,-22512.80,1861.20,5451.20,-19316.80,-362.80,771.20,-15492.80,-1414.80,-1928.80,-12076.80,-1078.80,-2356.80,-10088.80,-438.80,-1100.80,-9276.80,-526.80,-272.80,-8156.80,-1150.80,-152.80,-6880.80,-1550.80,-676.80,-6152.80,-1662.80,-896.80,-6196.80,-1810.80,-628.80,-6000.80,-2798.80,-516.80,-4984.80,-2910.80,-16.80,-3380.80,-2686.80,-100.80,-1748.80,-2578.80,11.20,-880.80,-1982.80,135.20,-364.80,-1794.80,123.20,-268.80,-1742.80,-32.80,-384.80,-1726.80,-316.80
26819.20,2801.20,-3452.80,26907.20,5461.20,-3904.80,24187.20,7765.20,-4068.80,17327.20,8569.20,-3328.80,8603.20,10689.20,-1872.80,-2648.80,11737.20,1275.20,-15192.80,9133.20,4403.20,-26028.80,4505.20,7219.20,-28364.80,-10.80,8039.20,-23492.80,-470.80,6891.20,-18504.80,949.20,4051.20,-12884.80,1633.20,1627.20,-10556.80,449.20,-96.80,-9868.80,597.20,-1144.80,-10660.80,929.20,-584.80,-11888.80,617.20,503.20,-11428.80,-274.80,1795.20,-10160.80,-334.80,1347.20,-8216.80,1.20,1315.20,-7544.80,-314.80,511.20,-7116.80,-658.80,43.20,-6936.80,-2150.80,-744.80,-6652.80,-3198.80,-1324.80,-5988.80,-3254.80,-1108.80,-4764.80,-2606.80,-912.80,-2880.80,-1934.80,-172.80,-796.80,-1538.80,-92.80,299.20,-686.80,-304.80,1015.20,85.20,-432.80,1623.20,85.20,-444.80
28231.20,5725.20,-1964.80,28359.20,8321.20,-2796.80,25407.20,9729.20,-1288.80,16351.20,9869.20,-152.80,6287.20,8189.20,-136.80,-4396.80,8109.20,819.20,-17572.80,5445.20,3411.20,-27592.80,1497.20,4547.20,-28796.80,-1858.80,3975.20,-23960.80,-1534.80,2751.20,-18772.80,1241.20,3235.20,-15432.80,2185.20,2539.20,-11536.80,3077.20,2571.20,-9468.80,3073.20,1475.20,-7804.80,3181.20,-56.80,-8512.80,3309.20,-960.80,-9832.80,1921.20,-340.80,-10996.80,-450.80,111.20,-11524.80,-2394.80,79.20,-10392.80,-3054.80,-316.80,-9120.80,-2506.80,-768.80,-8120.80,-2194.80,-948.80,-7468.80,-2602.80,-712.80,-6820.80,-3214.80,-880.80,-5868.80,-2934.80,-936.80,-4496.80,-2682.80,-1112.80,-2768.80,-1918.80,-1272.80,-1048.80,-974.80,-1072.80,87.20,-350.80,-564.80,499.20,-274.80,-164.80
29599.20,5985.20,-2152.80,30419.20,9945.20,-3960.80,27483.20,12361.20,-3748.80,18391.20,13745.20,-2276.80,5611.20,14045.20,279.20,-7452.80,11325.20,2151.20,-21776.80,6037.20,2583.20,-30728.80,1485.20,1943.20,-30168.80,-154.80,1547.20,-23856.80,1725.20,3807.20,-17608.80,3453.20,4563.20,-14148.80,5325.20,4823.20,-13880.80,4281.20,3339.20,-14048.80,2749.20,79.20,-12772.80,1057.20,-2544.80,-12176.80,809.20,-3484.80,-12272.80,673.20,-2664.80,-11868.80,-178.80,-1824.80,-12020.80,-1434.80,-1256.80,-11140.80,-1550.80,-1400.80,-10208.80,-1854.80,-1672.80,-9192.80,-1746.80,-1436.80,-7940.80,-2194.80,-1240.80,-6316.80,-2054.80,-1252.80,-5160.80,-1714.80,-1144.80,-3832.80,-1486.80,-1096.80,-2696.80,-1602.80,-664.80,-1784.80,-1054.80,-184.80,-1388.80,-526.80,103.20,-1040.80,-238.80,603.20
21507.20,-74.80,-9164.80,21855.20,1261.20,-8532.80,21427.20,4009.20,-6488.80,21743.20,7985.20,-4400.80,21655.20,11085.20,-3356.80,17979.20,12537.20,-2644.80,10939.20,13209.20,-1448.80,3051.20,14509.20,419.20,-6056.80,12621.20,3107.20,-16620.80,9661.20,5331.20,-25140.80,8261.20,7547.20,-26772.80,5301.20,9867.20,-25120.80,4353.20,7719.20,-21676.80,2657.20,6539.20,-19072.80,1801.20,3947.20,-15416.80,-590.80,1763.20,-12860.80,101.20,-1008.80,-10792.80,885.20,-2504.80,-12060.80,1485.20,-1484.80,-13392.80,37.20,-364.80,-13044.80,-1938.80,-260.80,-11572.80,-3454.80,-1248.80,-9812.80,-4138.80,-2576.80,-7200.80,-3962.80,-2960.80,-5260.80,-2282.80,-2404.80,-4096.80,-810.80,-1180.80,-3756.80,-982.80,-560.80,-3428.80,-2098.80,-848.80,-2520.80,-2566.80,-1288.80,-1868.80,-1942.80,-1324.80
29643.20,3709.20,-3540.80,31531.20,8453.20,-3076.80,27899.20,10997.20,-1816.80,18735.20,11401.20,-368.80,7231.20,9029.20,-784.80,-3048.80,7569.20,-920.80,-12164.80,8061.20,-420.80,-23528.80,7265.20,2975.20,-31300.80,3181.20,6135.20,-32212.80,-902.80,7419.20,-29216.80,-1410.80,7311.20,-24644.80,281.20,4399.20,-19300.80,-1126.80,2959.20,-14948.80,-1066.80,927.20,-11368.80,-578.80,-376.80,-8548.80,649.20,-864.80,-7248.80,1093.20,-812.80,-7516.80,485.20,-324.80,-7644.80,-774.80,7.20,-7280.80,-2250.80,-520.80,-6356.80,-2602.80,-1280.80,-6116.80,-2474.80,-1516.80,-5384.80,-3382.80,-1660.80,-4896.80,-3714.80,-1504.80,-4272.80,-3654.80,-1184.80,-3552.80,-3166.80,-1028.80,-2440.80,-2866.80,-756.80,-1344.80,-2510.80,-864.80,-904.80,-2478.80,-996.80,-1220.80,-2226.80,-1064.80
27455.20,5773.20,-2592.80,30251.20,10717.20,-2952.80,27799.20,13329.20,-2172.80,19771.20,13413.20,-784.80,7075.20,11589.20,407.20,-3604.80,9081.20,1139.20,-13656.80,8381.20,2999.20,-20916.80,6793.20,5179.20,-23428.80,3769.20,6691.20,-21752.80,2437.20,6443.20,-17608.80,2457.20,4851.20,-14184.80,2405.20,3327.20,-11784.80,3621.20,411.20,-11780.80,3057.20,-312.80,-13564.80,2185.20,-388.80,-14132.80,329.20,-572.80,-12968.80,-674.80,-664.80,-11460.80,-402.80,-696.80,-9612.80,-678.80,-648.80,-9308.80,-1026.80,-600.80,-9288.80,-790.80,-44.80,-9132.80,-1750.80,-124.80,-8648.80,-1986.80,-424.80,-7712.80,-2618.80,-920.80,-6380.80,-2874.80,-980.80,-4664.80,-2430.80,-1136.80,-2924.80,-1838.80,-932.80,-1112.80,-1814.80,-1008.80,-20.80,-1254.80,-696.80,143.20,-478.80,-172.80
31819.20,4097.20,-2404.80,32178.20,7021.20,-964.80,32178.20,12445.20,2175.20,29195.20,16225.20,4655.20,20667.20,18157.20,3483.20,7875.20,16945.20,863.20,-7956.80,15165.20,731.20,-24388.80,8569.20,2527.20,-33356.80,221.20,4579.20,-33356.80,-5154.80,3383.20,-29792.80,-4886.80,495.20,-24192.80,-2678.80,-1108.80,-20208.80,-2290.80,-304.80,-16036.80,-6.80,-284.80,-12688.80,337.20,387.20,-9096.80,917.20,-4.80,-7424.80,1893.20,-820.80,-7460.80,1789.20,-148.80,-8072.80,369.20,483.20,-7684.80,-1826.80,-440.80,-7184.80,-3222.80,-868.80,-7420.80,-2970.80,-1516.80,-7600.80,-3254.80,-1272.80,-6504.80,-3634.80,-928.80,-5380.80,-3258.80,-896.80,-3876.80,-2386.80,-728.80,-2768.80,-2418.80,-540.80,-1872.80,-1954.80,-352.80,-1112.80,-834.80,-360.80,-136.80,-766.80,-476.80
29991.20,1841.20,-1232.80,31403.20,4881.20,-884.80,29059.20,8765.20,247.20,22951.20,13277.20,427.20,10075.20,15649.20,-148.80,-8276.80,11853.20,-1188.80,-23580.80,4421.20,-692.80,-31324.80,-1874.80,615.20,-30664.80,-1898.80,1059.20,-27636.80,-102.80,1319.20,-24376.80,-1402.80,3603.20,-22256.80,-978.80,1543.20,-16072.80,-770.80,867.20,-12260.80,-906.80,-440.80,-10152.80,-90.80,-1244.80,-8912.80,1025.20,-552.80,-8860.80,1237.20,827.20,-9032.80,-46.80,1187.20,-8832.80,-1094.80,471.20,-8076.80,-2318.80,-432.80,-6620.80,-1658.80,-540.80,-5352.80,-718.80,-592.80,-4548.80,-430.80,-340.80,-3944.80,-658.80,-612.80,-3164.80,-1614.80,-912.80,-2528.80,-1602.80,-1336.80,-1480.80,-1722.80,-1756.80,-732.80,-1354.80,-1704.80,-636.80,-1054.80,-1064.80,-904.80,-922.80,-356.80
30359.20,1117.20,-2172.80,32178.20,8305.20,-3972.80,32178.20,11821.20,-2156.80,21591.20,11417.20,1151.20,13575.20,12149.20,2359.20,4863.20,15985.20,2615.20,-6396.80,15789.20,2407.20,-21396.80,10677.20,3627.20,-33268.80,2073.20,3923.20,-33356.80,-3474.80,2847.20,-32464.80,-3626.80,1059.20,-26748.80,-1334.80,975.20,-22600.80,-942.80,143.20,-18736.80,913.20,391.20,-15032.80,921.20,-372.80,-11024.80,1021.20,-1552.80,-7916.80,1197.20,-2640.80,-6392.80,1493.20,-2616.80,-6300.80,41.20,-2196.80,-6228.80,-1078.80,-2012.80,-6756.80,-1982.80,-1560.80,-6392.80,-2602.80,-876.80,-5840.80,-2634.80,-548.80,-5132.80,-2130.80,39.20,-4524.80,-1630.80,827.20,-3596.80,-1410.80,743.20,-2456.80,-1326.80,383.20,-1972.80,-1290.80,-188.80,-1776.80,-1418.80,-368.80,-1248.80,-1562.80,-612.80
23527.20,5345.20,-3388.80,21499.20,6637.20,-3204.80,18595.20,7505.20,-2696.80,14931.20,9033.20,-2836.80,6859.20,11033.20,-1628.80,-2852.80,10145.20,755.20,-11628.80,7901.20,3691.20,-21176.80,5933.20,6223.20,-26720.80,4305.20,7975.20,-26264.80,605.20,6443.20,-21896.80,2737.20,4579.20,-21604.80,2025.20,3939.20,-23228.80,-630.80,3371.20,-21768.80,-2518.80,1959.20,-18200.80,-2334.80,379.20,-15428.80,-1846.80,107.20,-13336.80,-1614.80,623.20,-11676.80,-2086.80,675.20,-9412.80,-1266.80,147.20,-6548.80,-982.80,-700.80,-4520.80,-938.80,-1232.80,-3472.80,-1238.80,-1744.80,-2208.80,-1794.80,-2400.80,-1852.80,-2174.80,-2316.80,-2060.80,-2510.80,-1520.80,-1256.80,-1694.80,-912.80,-272.80,-894.80,-644.80,31.20,-370.80,-204.80,99.20,-546.80,123.20,-188.80,-918.80,195.20
25091.20,6577.20,-2456.80,24851.20,9485.20,-3336.80,21219.20,11569.20,-2808.80,14467.20,13561.20,-1520.80,3807.20,14409.20,1071.20,-7996.80,13729.20,4023.20,-19516.80,9745.20,6731.20,-27264.80,5077.20,7779.20,-29836.80,2897.20,7187.20,-27048.80,1185.20,4579.20,-23060.80,2621.20,1963.20,-21224.80,1901.20,1155.20,-20452.80,2013.20,1535.20,-18096.80,1693.20,1415.20,-15016.80,2069.20,143.20,-12900.80,1733.20,-780.80,-10896.80,573.20,-1648.80,-10008.80,-926.80,-2160.80,-9092.80,-810.80,-2088.80,-8364.80,-954.80,-1748.80,-7468.80,-1818.80,-1556.80,-6680.80,-2018.80,-1420.80,-5472.80,-2066.80,-1384.80,-3724.80,-2082.80,-1512.80,-1800.80,-1766.80,-1444.80,-552.80,-950.80,-972.80,759.20,-434.80,-452.80,1411.20,329.20,239.20,1275.20,581.20,779.20,543.20,501.20,787.20
25595.20,2869.20,-4048.80,28415.20,4337.20,-4160.80,29191.20,7625.20,-3924.80,25971.20,11605.20,-2720.80,15939.20,13825.20,-1436.80,2343.20,14033.20,1263.20,-13256.80,11661.20,4739.20,-26288.80,5981.20,8395.20,-31808.80,1217.20,10127.20,-30080.80,-110.80,9023.20,-26376.80,-578.80,6759.20,-23040.80,1117.20,2675.20,-20216.80,-586.80,895.20,-17372.80,-450.80,-668.80,-14520.80,-74.80,-1376.80,-11840.80,961.20,-1736.80,-9836.80,1121.20,-1484.80,-8980.80,633.20,-1576.80,-8504.80,-162.80,-1468.80,-7256.80,-818.80,-1708.80,-5936.80,-1474.80,-2040.80,-4560.80,-1606.80,-2372.80,-3432.80,-1202.80,-1696.80,-2188.80,-662.80,-844.80,-1344.80,-238.80,-120.80,-940.80,153.20,51.20,-272.80,-286.80,-8.80,-228.80,-850.80,-640.80,-292.80,-1062.80,-1204.80,-496.80,-1370.80,-1504.80
22211.20,7505.20,1875.20,22155.20,9185.20,2015.20,19091.20,12445.20,2295.20,12163.20,14845.20,3439.20,-144.80,16109.20,6491.20,-19284.80,12425.20,8643.20,-33356.80,5033.20,7559.20,-33356.80,-1866.80,3511.20,-33356.80,-3610.80,-276.80,-30564.80,-3002.80,-1764.80,-26072.80,-1534.80,-2584.80,-21784.80,-1954.80,-2688.80,-17236.80,-1310.80,-3536.80,-12912.80,-338.80,-3960.80,-10080.80,393.20,-3204.80,-8688.80,357.20,-1648.80,-8276.80,-46.80,-772.80,-7672.80,-322.80,-352.80,-6800.80,-614.80,-124.80,-6088.80,-818.80,67.20,-5528.80,-974.80,19.20,-4504.80,-574.80,191.20,-3696.80,-310.80,191.20,-2696.80,-390.80,455.20,-2236.80,-370.80,471.20,-1596.80,-502.80,-84.80,-936.80,-818.80,-340.80,-828.80,-1058.80,-340.80,-296.80,-898.80,-848.80,-460.80,-1030.80,-840.80
-22728.80,4265.20,5867.20,-27936.80,2917.20,6703.20,-27752.80,1809.20,4991.20,-25620.80,1445.20,5103.20,-20788.80,3241.20,3607.20,-17244.80,2453.20,731.20,-16236.80,1737.20,-796.80,-16188.80,585.20,-1424.80,-15588.80,-746.80,-1472.80,-13936.80,-2050.80,-1772.80,-12164.80,-3334.80,-2116.80,-9864.80,-2818.80,-1852.80,-7456.80,-1982.80,-2044.80,-4976.80,-1294.80,-1700.80,-3336.80,37.20,-1648.80,-2616.80,537.20,-1428.80,-2472.80,77.20,-1276.80,-2660.80,-1090.80,-1360.80,-2236.80,-1818.80,-1448.80,-1372.80,-1502.80,-1604.80,-744.80,-1250.80,-1128.80,-800.80,-1022.80,-624.80,-1248.80,-1202.80,-80.80,-1576.80,-1262.80,-24.80,-1692.80,-1098.80,91.20,-1896.80,-950.80,355.20,-2144.80,-1006.80,879.20,-2380.80,-1266.80,883.20,-2128.80,-1274.80,671.20,-2208.80,-1258.80,747.20
24743.20,6833.20,443.20,25343.20,9057.20,-1792.80,23275.20,10237.20,-2764.80,21143.20,11513.20,-3156.80,14395.20,13805.20,-2416.80,4435.20,13181.20,147.20,-9148.80,11485.20,3611.20,-22336.80,5233.20,6431.20,-30924.80,545.20,7131.20,-30496.80,-2830.80,4551.20,-25340.80,-2786.80,1047.20,-21312.80,-1558.80,-308.80,-17976.80,-2090.80,-1752.80,-14176.80,-822.80,-2588.80,-11884.80,-254.80,-3072.80,-9976.80,-158.80,-3240.80,-9120.80,297.20,-3320.80,-7984.80,909.20,-2460.80,-7732.80,293.20,-1500.80,-7900.80,-458.80,-888.80,-7808.80,-1214.80,-752.80,-7068.80,-1602.80,-900.80,-6408.80,-1646.80,-584.80,-6080.80,-1678.80,19.20,-6076.80,-1510.80,875.20,-5464.80,-1618.80,1039.20,-4528.80,-1082.80,939.20,-3400.80,-1126.80,495.20,-2232.80,-1442.80,83.20,-1148.80,-954.80,-120.80
24651.20,2145.20,4847.20,31715.20,4497.20,2715.20,32178.20,9165.20,-1384.80,32178.20,14301.20,-2568.80,26351.20,15465.20,-192.80,10711.20,14521.20,2519.20,-6984.80,13477.20,7311.20,-23868.80,8777.20,10271.20,-33356.80,2929.20,9227.20,-32372.80,-1218.80,3435.20,-25312.80,-1874.80,-2924.80,-19436.80,-1514.80,-5924.80,-16020.80,-682.80,-5588.80,-14728.80,-386.80,-3584.80,-13800.80,1113.20,-4152.80,-12760.80,1329.20,-3564.80,-12824.80,897.20,-2980.80,-12148.80,-286.80,-2228.80,-10384.80,-838.80,-1788.80,-9104.80,-274.80,-1268.80,-7664.80,157.20,-344.80,-7956.80,1033.20,-108.80,-9292.80,-286.80,351.20,-9840.80,-1350.80,683.20,-9088.80,-1846.80,219.20,-7056.80,-1682.80,-152.80,-5288.80,-1486.80,-800.80,-3340.80,-1122.80,-1048.80,-1928.80,-1070.80,-956.80,-1020.80,-434.80,-576.80
26979.20,5957.20,-36.80,30627.20,8853.20,-2668.80,28871.20,12369.20,-5060.80,20795.20,15105.20,-4040.80,5315.20,17069.20,943.20,-14004.80,13665.20,6767.20,-32196.80,5185.20,10475.20,-33356.80,-1202.80,9923.20,-33200.80,-3286.80,5131.20,-24212.80,-2414.80,2195.20,-20716.80,-986.80,-1608.80,-16396.80,317.20,-1332.80,-13944.80,1073.20,-828.80,-12392.80,2549.20,-728.80,-11168.80,2817.20,-520.80,-10704.80,1433.20,-540.80,-10200.80,-286.80,-172.80,-8828.80,-894.80,-588.80,-7324.80,-558.80,-680.80,-6752.80,-466.80,-812.80,-5800.80,-470.80,-160.80,-4972.80,-1218.80,-196.80,-3932.80,-1546.80,-512.80,-2688.80,-1378.80,-672.80,-1264.80,-850.80,-476.80,7.20,-190.80,-0.80,963.20,9.20,299.20,1635.20,85.20,-68.80,2031.20,-142.80,-232.80,1835.20,-390.80,-452.80
26115.20,4589.20,-1532.80,28991.20,7497.20,-1288.80,26259.20,11201.20,-204.80,17307.20,13161.20,1715.20,3539.20,11273.20,2811.20,-10324.80,6921.20,4083.20,-20408.80,3153.20,4503.20,-23632.80,1181.20,3759.20,-22676.80,821.20,1279.20,-20508.80,-186.80,-476.80,-17276.80,-1158.80,-1536.80,-12816.80,-1122.80,-2576.80,-8592.80,2233.20,-3452.80,-7556.80,3309.20,-2324.80,-9088.80,2589.20,-888.80,-9808.80,141.20,-380.80,-9372.80,429.20,-92.80,-9968.80,1885.20,267.20,-10772.80,933.20,1263.20,-11408.80,-658.80,1963.20,-11004.80,-914.80,1995.20,-9604.80,-914.80,1327.20,-8144.80,-1294.80,527.20,-6772.80,-1138.80,247.20,-5184.80,-1098.80,287.20,-3912.80,-702.80,483.20,-2760.80,-58.80,683.20,-1392.80,357.20,243.20,-636.80,261.20,-120.80,-88.80,285.20,-300.80
31371.20,5457.20,-3236.80,32178.20,10125.20,-5140.80,32178.20,13757.20,-4528.80,21643.20,13977.20,-1188.80,6223.20,10869.20,2391.20,-8092.80,6609.20,5971.20,-17624.80,2817.20,7483.20,-21680.80,1749.20,6639.20,-21080.80,617.20,4203.20,-17544.80,-434.80,1303.20,-13540.80,-394.80,-468.80,-9580.80,-82.80,-2428.80,-6780.80,545.20,-2968.80,-5768.80,1517.20,-3544.80,-6300.80,1061.20,-1592.80,-6580.80,221.20,-1864.80,-6440.80,-1618.80,-1168.80,-6436.80,1213.20,-808.80,-8904.80,5937.20,1075.20,-12300.80,6637.20,3767.20,-15440.80,4389.20,4263.20,-17456.80,2053.20,1555.20,-18504.80,-866.80,-1276.80,-18108.80,-3330.80,-3304.80,-14584.80,-4802.80,-3836.80,-10580.80,-4026.80,-3200.80,-7772.80,-2562.80,-2124.80,-4748.80,-1726.80,-1332.80,-2276.80,-234.80,-936.80,-316.80,925.20,-404.80
26023.20,5353.20,-1552.80,31091.20,8953.20,-2104.80,32178.20,14857.20,-928.80,28935.20,18685.20,183.20,15615.20,17829.20,2971.20,-4028.80,13857.20,4703.20,-22452.80,6717.20,4147.20,-33000.80,425.20,2339.20,-32952.80,-3850.80,719.20,-27840.80,-3322.80,-2528.80,-24604.80,-2110.80,-3596.80,-22660.80,-2554.80,-3184.80,-21748.80,-654.80,-2596.80,-17236.80,889.20,-1440.80,-13888.80,2465.20,-1612.80,-11868.80,2769.20,-1988.80,-10764.80,2365.20,-2284.80,-10768.80,1353.20,-2092.80,-11784.80,-434.80,-2276.80,-11476.80,-1326.80,-1792.80,-10412.80,-1302.80,-1016.80,-9764.80,-822.80,-716.80,-8416.80,-1490.80,-532.80,-7360.80,-1786.80,-436.80,-6612.80,-1326.80,-220.80,-5160.80,-1034.80,391.20,-3624.80,-154.80,995.20,-1992.80,61.20,1079.20,-720.80,429.20,891.20,-20.80,293.20,475.20
21239.20,9769.20,-64.80,17755.20,12409.20,-2260.80,10003.20,12913.20,-2396.80,-1004.80,12417.20,-464.80,-12864.80,8949.20,1159.20,-23828.80,3065.20,1807.20,-28656.80,-1406.80,1431.20,-27104.80,-2694.80,-724.80,-21860.80,-1606.80,-4416.80,-17604.80,-262.80,-3012.80,-13416.80,2405.20,-1920.80,-12636.80,3813.20,-156.80,-14024.80,4177.20,1235.20,-14624.80,3309.20,1123.20,-14284.80,2149.20,247.20,-13736.80,897.20,-1024.80,-12436.80,-1134.80,-1652.80,-11176.80,-3030.80,-1708.80,-11232.80,-2270.80,-824.80,-11668.80,-1058.80,751.20,-10428.80,-1062.80,1307.20,-8684.80,-1550.80,971.20,-7100.80,-2254.80,-272.80,-6008.80,-2822.80,-560.80,-5280.80,-2274.80,-680.80,-4388.80,-1494.80,231.20,-3076.80,-450.80,1295.20,-1820.80,473.20,1163.20,-480.80,1153.20,831.20,19.20,1229.20,-68.80
24015.20,5553.20,1587.20,29159.20,8825.20,-764.80,29383.20,12621.20,-1800.80,24223.20,15189.20,-1952.80,14419.20,14769.20,-1376.80,-188.80,12693.20,43.20,-14352.80,7505.20,1359.20,-24676.80,1721.20,2219.20,-26572.80,-1482.80,1959.20,-24384.80,-1334.80,263.20,-20996.80,-1486.80,-660.80,-17052.80,-3014.80,-800.80,-14156.80,-2614.80,-1216.80,-10700.80,625.20,-452.80,-9084.80,3365.20,-712.80,-8664.80,6009.20,-1200.80,-11284.80,6013.20,-324.80,-13480.80,2761.20,-72.80,-14260.80,-98.80,-292.80,-13072.80,-1002.80,-1424.80,-10452.80,-1718.80,-2268.80,-10132.80,-902.80,-1504.80,-11816.80,-1306.80,267.20,-12920.80,-2602.80,1387.20,-12232.80,-4066.80,1943.20,-9596.80,-3114.80,935.20,-6688.80,-1678.80,-408.80,-4332.80,-1538.80,-740.80,-3504.80,-1398.80,-360.80,-3016.80,-810.80,255.20
23251.20,5229.20,4899.20,26003.20,9537.20,2315.20,25743.20,13185.20,-16.80,20323.20,14313.20,-600.80,10975.20,14885.20,-684.80,-716.80,14173.20,535.20,-12460.80,11569.20,2287.20,-21440.80,7597.20,3599.20,-27360.80,3137.20,2455.20,-28976.80,-358.80,-52.80,-25896.80,-1958.80,-2472.80,-23444.80,201.20,-3824.80,-21108.80,1633.20,-832.80,-20776.80,2049.20,1719.20,-20896.80,2433.20,2699.20,-19572.80,1409.20,1435.20,-16792.80,-286.80,-792.80,-13776.80,-1710.80,-2672.80,-11680.80,-2358.80,-2764.80,-10264.80,-2906.80,-2212.80,-9368.80,-1466.80,-536.80,-7780.80,-470.80,75.20,-5436.80,-786.80,115.20,-4312.80,-1114.80,-936.80,-3456.80,-1022.80,-1484.80,-2896.80,-1422.80,-1536.80,-2096.80,-982.80,-1100.80,-748.80,-534.80,-604.80,-280.80,37.20,423.20,-812.80,173.20,859.20
26147.20,5273.20,-668.80,27647.20,8985.20,-2356.80,25303.20,11461.20,-2184.80,18831.20,12949.20,-672.80,10639.20,12825.20,1215.20,735.20,11321.20,3223.20,-9392.80,8845.20,4067.20,-17564.80,5353.20,3191.20,-22192.80,2705.20,2075.20,-22748.80,441.20,971.20,-18400.80,261.20,-1064.80,-14272.80,2449.20,-2840.80,-13460.80,1921.20,-2780.80,-15908.80,3165.20,-2048.80,-19068.80,97.20,-36.80,-21164.80,-774.80,1071.20,-19208.80,-1654.80,-8.80,-15584.80,-1662.80,-620.80,-13752.80,-1838.80,-1340.80,-13676.80,-3358.80,-1040.80,-13132.80,-2986.80,-484.80,-12344.80,-1578.80,107.20,-11240.80,-1118.80,727.20,-9928.80,-1618.80,875.20,-9096.80,-1898.80,87.20,-7388.80,-2566.80,-1100.80,-5788.80,-2550.80,-1828.80,-4332.80,-2202.80,-1880.80,-2816.80,-1746.80,-1308.80,-1936.80,-1242.80,-440.80
25679.20,6777.20,-396.80,29363.20,9469.20,-2524.80,28931.20,11625.20,-4680.80,22195.20,12581.20,-3844.80,11899.20,13209.20,207.20,1083.20,15257.20,5299.20,-12580.80,14841.20,7639.20,-24532.80,9753.20,6599.20,-29404.80,4433.20,2075.20,-29508.80,589.20,-956.80,-30580.80,521.20,-3096.80,-28644.80,261.20,-748.80,-26224.80,-82.80,-4.80,-24316.80,137.20,-736.80,-21760.80,-534.80,-1388.80,-18336.80,-978.80,-2236.80,-14876.80,-534.80,-3000.80,-11944.80,-334.80,-2968.80,-10600.80,-1110.80,-2684.80,-9252.80,-1814.80,-2316.80,-7316.80,-1958.80,-1860.80,-6184.80,-1550.80,-2052.80,-5672.80,-1062.80,-836.80,-5208.80,-1106.80,47.20,-4304.80,-710.80,615.20,-2728.80,-682.80,491.20,-1748.80,-530.80,-292.80,-1100.80,-774.80,-868.80,-1332.80,-874.80,-884.80,-1664.80,-1258.80,-896.80
27903.20,7993.20,6315.20,32178.20,12453.20,5371.20,31675.20,14669.20,3811.20,22443.20,14469.20,2699.20,10147.20,11813.20,2383.20,-6544.80,7993.20,2571.20,-19088.80,3161.20,3707.20,-25704.80,525.20,3315.20,-25112.80,-646.80,343.20,-22748.80,-754.80,-3372.80,-20308.80,-194.80,-6004.80,-21452.80,-382.80,-4900.80,-23388.80,877.20,-3692.80,-24188.80,-570.80,-880.80,-23584.80,-1038.80,-608.80,-20448.80,-1598.80,-2712.80,-16488.80,-1190.80,-3808.80,-14040.80,-1242.80,-5284.80,-12076.80,-1718.80,-4500.80,-11572.80,-1866.80,-3648.80,-10608.80,-1558.80,-3020.80,-9608.80,-1574.80,-2744.80,-8612.80,-1646.80,-2744.80,-7228.80,-2206.80,-2188.80,-5764.80,-2186.80,-1864.80,-4480.80,-1346.80,-928.80,-3944.80,-214.80,-72.80,-3848.80,381.20,823.20,-3448.80,-358.80,1183.20,-2684.80,-870.80,715.20
22703.20,5949.20,5643.20,29179.20,9265.20,2351.20,32178.20,14165.20,-504.80,31167.20,18549.20,-1132.80,22795.20,19073.20,-440.80,7507.20,17265.20,199.20,-8948.80,12849.20,1407.20,-25792.80,5301.20,2467.20,-33356.80,-2774.80,1367.20,-33356.80,-6966.80,-580.80,-29976.80,-6410.80,-4448.80,-27308.80,-5306.80,-1768.80,-23716.80,-2974.80,-1112.80,-19924.80,-2058.80,-460.80,-15832.80,-638.80,-980.80,-13540.80,585.20,-1424.80,-12028.80,373.20,-1480.80,-11732.80,-682.80,-740.80,-11448.80,-1062.80,-280.80,-10996.80,-1770.80,-44.80,-9376.80,-2138.80,-4.80,-7604.80,-1974.80,-36.80,-5852.80,-1166.80,195.20,-4572.80,-822.80,55.20,-3600.80,-458.80,-84.80,-2644.80,-434.80,-404.80,-1676.80,-358.80,-664.80,-956.80,-534.80,-624.80,-572.80,-474.80,-512.80,-188.80,-462.80,-624.80
24787.20,5453.20,1091.20,23923.20,10017.20,-604.80,18399.20,11533.20,-1536.80,9183.20,11097.20,-1600.80,-4148.80,9273.20,311.20,-17340.80,3381.20,2559.20,-27092.80,-1898.80,3563.20,-28520.80,-4090.80,3143.20,-25012.80,-2242.80,887.20,-22528.80,-30.80,-1456.80,-22184.80,-1234.80,419.20,-21132.80,497.20,767.20,-19412.80,-22.80,1583.20,-17452.80,1133.20,1091.20,-14500.80,1357.20,-124.80,-11316.80,1553.20,-1156.80,-9360.80,593.20,-2228.80,-8720.80,-698.80,-2504.80,-9436.80,-2122.80,-1844.80,-9228.80,-2274.80,-1016.80,-8428.80,-1638.80,251.20,-7248.80,-774.80,835.20,-5236.80,-870.80,935.20,-3928.80,-774.80,59.20,-2620.80,-758.80,-732.80,-1800.80,-766.80,-1120.80,-1016.80,-566.80,-1008.80,-168.80,-330.80,-376.80,239.20,229.20,323.20,695.20,617.20,315.20
24083.20,7245.20,1319.20,24247.20,8201.20,1063.20,23035.20,9749.20,-240.80,18087.20,10689.20,-2032.80,9115.20,8853.20,-3412.80,-1972.80,7225.20,-3032.80,-14516.80,2381.20,-1216.80,-24912.80,-2114.80,547.20,-30192.80,-5510.80,2051.20,-28356.80,-5250.80,1055.20,-22244.80,-3366.80,3015.20,-16916.80,981.20,1347.20,-12312.80,1601.20,1967.20,-9292.80,2889.20,871.20,-9040.80,3201.20,147.20,-11172.80,2985.20,703.20,-12556.80,649.20,1063.20,-12796.80,-1438.80,1107.20,-10760.80,-1886.80,583.20,-8340.80,-1126.80,-92.80,-6676.80,-878.80,55.20,-6156.80,-358.80,379.20,-5236.80,-114.80,495.20,-4320.80,209.20,479.20,-3608.80,77.20,295.20,-3064.80,129.20,-0.80,-1980.80,221.20,-452.80,-784.80,85.20,-952.80,-288.80,117.20,-1320.80,-420.80,321.20,-1096.80
22787.20,7593.20,-2088.80,21499.20,8997.20,-2944.80,16391.20,9165.20,-2880.80,8047.20,8033.20,-1928.80,-1076.80,6589.20,-28.80,-9280.80,5241.20,1591.20,-17168.80,3833.20,3891.20,-23612.80,1513.20,5623.20,-25972.80,-302.80,5943.20,-23048.80,-1646.80,3707.20,-19332.80,-246.80,3399.20,-16364.80,733.20,611.20,-14824.80,2101.20,559.20,-13848.80,985.20,539.20,-12840.80,833.20,87.20,-12084.80,1297.20,-1000.80,-11324.80,1285.20,-1832.80,-10500.80,-22.80,-2484.80,-9612.80,-1202.80,-2464.80,-9144.80,-1422.80,-2120.80,-8752.80,-1450.80,-1660.80,-8252.80,-1406.80,-1024.80,-7376.80,-1678.80,-740.80,-6192.80,-1702.80,-1124.80,-5380.80,-1626.80,-920.80,-4936.80,-1458.80,-412.80,-3960.80,-1678.80,-472.80,-2476.80,-1470.80,-436.80,-1008.80,-1010.80,-364.80,75.20,-294.80,-172.80
29495.20,7177.20,-3644.80,32178.20,11765.20,-5304.80,28603.20,15073.20,-4940.80,16259.20,14925.20,-2368.80,339.20,11281.20,1267.20,-14940.80,4793.20,4203.20,-24340.80,29.20,5895.20,-28176.80,-1802.80,6659.20,-26360.80,-1598.80,5199.20,-22136.80,-2066.80,4295.20,-20452.80,-1734.80,2859.20,-17748.80,57.20,3571.20,-16072.80,1137.20,3811.20,-15784.80,1905.20,3643.20,-14712.80,1973.20,3679.20,-13072.80,1089.20,3039.20,-11500.80,-158.80,2311.20,-9716.80,-874.80,1231.20,-7576.80,-1146.80,-56.80,-5440.80,-602.80,-900.80,-4076.80,797.20,-1336.80,-3280.80,1257.20,-1264.80,-2752.80,305.20,-968.80,-2508.80,-498.80,-944.80,-1608.80,-714.80,-1272.80,-788.80,-678.80,-1736.80,-148.80,-594.80,-1728.80,275.20,-562.80,-1780.80,-8.80,-686.80,-1448.80,-908.80,-794.80,-1072.80
-26456.80,4673.20,7603.20,-33356.80,-998.80,8491.20,-29940.80,-3654.80,8263.20,-24344.80,-1934.80,4131.20,-20988.80,1193.20,1543.20,-20200.80,-58.80,1087.20,-19448.80,-1366.80,1411.20,-17284.80,-618.80,611.20,-14584.80,345.20,-532.80,-12532.80,461.20,-1328.80,-11860.80,-166.80,-1528.80,-11540.80,-1454.80,-1400.80,-10672.80,-2358.80,-1112.80,-8628.80,-1998.80,-1492.80,-6380.80,-1486.80,-1420.80,-4360.80,-1294.80,-1308.80,-2580.80,-1010.80,-1540.80,-1576.80,-334.80,-1192.80,-884.80,169.20,-716.80,-700.80,-206.80,-548.80,-152.80,-570.80,-480.80,55.20,-122.80,-380.80,91.20,-310.80,-668.80,-432.80,-882.80,-832.80,-672.80,-1078.80,-1336.80,-1008.80,-1086.80,-1264.80,-1500.80,-1122.80,-1340.80,-2140.80,-1354.80,-1096.80,-2832.80,-1226.80,-524.80,-3088.80,-1454.80,-124.80
-22020.80,6145.20,2867.20,-26980.80,2829.20,1079.20,-27684.80,-18.80,-632.80,-25048.80,-978.80,-1692.80,-21596.80,-2.80,-3920.80,-19724.80,1013.20,-3708.80,-17792.80,1601.20,-2864.80,-16120.80,1221.20,-2084.80,-14884.80,885.20,-2052.80,-12324.80,1297.20,-2360.80,-10220.80,1293.20,-2520.80,-9724.80,609.20,-1672.80,-9980.80,-126.80,-1024.80,-10092.80,-1126.80,-380.80,-9644.80,-1894.80,-176.80,-8188.80,-1714.80,-24.80,-6648.80,-1106.80,307.20,-4936.80,-550.80,579.20,-3588.80,-658.80,503.20,-1976.80,-414.80,275.20,-304.80,93.20,243.20,527.20,181.20,459.20,747.20,481.20,747.20,483.20,841.20,1079.20,195.20,381.20,963.20,-28.80,-2.80,743.20,-364.80,321.20,539.20,-792.80,289.20,295.20,-1148.80,197.20,431.20,-1528.80,-30.80,399.20
-20860.80,5013.20,5763.20,-26224.80,453.20,6135.20,-24336.80,-98.80,2967.20,-21612.80,2065.20,3347.20,-20452.80,3069.20,3151.20,-20112.80,-374.80,1935.20,-19056.80,-522.80,707.20,-17144.80,1005.20,-608.80,-15240.80,1393.20,-936.80,-13888.80,937.20,-1244.80,-13392.80,33.20,-2192.80,-12640.80,-1870.80,-2296.80,-13216.80,-3318.80,-2916.80,-11528.80,-4010.80,-2660.80,-9728.80,-3090.80,-1956.80,-7240.80,-2274.80,-1196.80,-5064.80,-1818.80,-804.80,-2968.80,-1022.80,-860.80,-1732.80,357.20,-740.80,-584.80,437.20,-628.80,195.20,169.20,-368.80,771.20,53.20,-432.80,811.20,389.20,-84.80,891.20,101.20,171.20,551.20,-86.80,447.20,347.20,325.20,259.20,251.20,409.20,191.20,51.20,209.20,-4.80,-124.80,-74.80,-76.80,-604.80,-162.80,-276.80
26463.20,5029.20,1583.20,29395.20,10365.20,951.20,28343.20,13505.20,107.20,20579.20,14845.20,863.20,7619.20,12165.20,1571.20,-5688.80,8033.20,2863.20,-15508.80,3969.20,4019.20,-21776.80,2029.20,4571.20,-24204.80,1733.20,4043.20,-24668.80,125.20,2719.20,-22188.80,-1826.80,419.20,-18692.80,-2014.80,-3704.80,-17448.80,-2122.80,-2356.80,-14708.80,-1210.80,-1788.80,-13788.80,-726.80,-252.80,-14124.80,1813.20,1495.20,-13448.80,3313.20,2479.20,-11288.80,3245.20,1055.20,-9368.80,1933.20,-1208.80,-8588.80,653.20,-3032.80,-9832.80,-546.80,-3948.80,-11424.80,-738.80,-2512.80,-11148.80,-2222.80,-1404.80,-9264.80,-2894.80,-1496.80,-6840.80,-2530.80,-2008.80,-4508.80,-1538.80,-2256.80,-1896.80,-1054.80,-1536.80,251.20,-258.80,-736.80,1655.20,1077.20,507.20,2459.20,1473.20,2051.20
25783.20,-2342.80,3095.20,32178.20,4185.20,1575.20,32178.20,11769.20,-1284.80,32178.20,17833.20,-1728.80,26919.20,20765.20,-1240.80,15823.20,20425.20,-2272.80,1291.20,19825.20,-3448.80,-15824.80,15873.20,-3332.80,-31776.80,10789.20,-1012.80,-33356.80,7341.20,3103.20,-33356.80,2029.20,5235.20,-33356.80,829.20,6043.20,-29988.80,2157.20,3871.20,-25028.80,1801.20,-588.80,-20568.80,1561.20,-2548.80,-17148.80,569.20,-4540.80,-13544.80,-106.80,-4840.80,-11332.80,-734.80,-4216.80,-9232.80,-1078.80,-3476.80,-7756.80,-974.80,-2640.80,-6128.80,17.20,-1820.80,-5192.80,521.20,-836.80,-3716.80,285.20,-244.80,-2216.80,473.20,99.20,-984.80,817.20,-416.80,-52.80,565.20,-412.80,15.20,201.20,-176.80,-584.80,-154.80,-200.80,-200.80,-210.80,-8.80,251.20,129.20,431.20
-29808.80,-4162.80,16150.20,-40.80,-5114.80,-15272.80,-3052.80,-1202.80,5335.20,-5028.80,789.20,-5640.80,-11608.80,3061.20,1327.20,-536.80,825.20,-2648.80,-1672.80,769.20,-1108.80,-5280.80,653.20,423.20,-2244.80,1009.20,1987.20,-2508.80,277.20,-2164.80,-1440.80,-902.80,-6756.80,-1344.80,-310.80,-9048.80,9199.20,-10534.80,16150.20,3411.20,-486.80,-13228.80,9399.20,-3434.80,3359.20,2463.20,-1130.80,-6400.80,-3328.80,-714.80,-5732.80,-1548.80,-1402.80,35.20,711.20,-78.80,-1708.80,-544.80,-410.80,811.20,-736.80,-370.80,-716.80,-528.80,-358.80,419.20,-852.80,-310.80,-356.80,-528.80,-362.80,-12.80,-668.80,-410.80,-304.80,-656.80,-366.80,231.20,-736.80,-454.80,-412.80,-732.80,-466.80,-56.80,-672.80,-366.80,131.20,-772.80,-458.80,-100.80
